{"record1":{"0":0.2017248454,"1":0.4747669236,"2":0.4675048807,"3":-1.1906711292,"4":0.8644449623},"record2":{"0":-1.669050536,"1":1.2152491994,"2":0.5156618916,"3":0.2970472312,"4":1.4662827824}}